[{"_id":"ZjFTB229CPZ7vEvzt","state":"time","action":"start","params":[1467374213279],"time":1467374213279},{"_id":"obCdt3Xp4aB3Cauc9","state":"session","action":"overlay.tool.replace","params":[false],"time":1467374213280},{"_id":"5CQa7CwQ9c8mwNdao","state":"session","action":"slide.page","params":["5"],"time":1467374213298},{"_id":"ymbdTDDeXTGWBRyAS","state":"database","action":"slides.change","params":["WelcomeToMISTCweb","5"],"time":1467374213300},{"_id":"tdwxB64xNN5FDqda3","state":"session","action":"slide.page","params":["1"],"time":1467374215480},{"_id":"zFmjCY6gczk67G2ig","state":"database","action":"slides.change","params":["WelcomeToMISTCweb","1"],"time":1467374215483},{"_id":"hiF3wE2jpBb8xoWsj","state":"database","action":"markLine","params":["WelcomeToMISTCweb",1,"e3d03560b0162bae75511962",291,178,295,384,"#CC2529","5"],"time":1467374217737},{"_id":"mJcfTQnBGpLHBJEJT","state":"database","action":"markLine","params":["WelcomeToMISTCweb",1,"9e193eb27d6f09b5b1be4610",497,179,503,357,"#CC2529","5"],"time":1467374219249},{"_id":"Kn8GpYutS2auooYiD","state":"database","action":"markLine","params":["WelcomeToMISTCweb",1,"e878190dec49408ec8db93a8",720,164,728,346,"#CC2529","5"],"time":1467374221040},{"_id":"kyiCbBc2turxHH3x8","state":"session","action":"slide.page","params":["2"],"time":1467374222361},{"_id":"KEtQ5hywRweHY8NdR","state":"database","action":"slides.change","params":["WelcomeToMISTCweb","2"],"time":1467374222364},{"_id":"Kcm73JvJSq4GGifze","state":"session","action":"overlay.tool.replace","params":[true],"time":1467374224096},{"_id":"CjGxzSyQSpovCuACW","state":"database","action":"markLine","params":["WelcomeToMISTCweb",2,"1fecea74939f46438b4a46ab",202,179,198,458,"#CC2529","5"],"time":1467374225540},{"_id":"JmGTpgPYhZnTjA5B5","state":"database","action":"markLine","params":["WelcomeToMISTCweb",2,"c482ca06cbe958e93966c732",408,174,413,444,"#CC2529","5"],"time":1467374227542},{"_id":"NqcPXpArSYbSuvCSK","state":"database","action":"markEraser","params":["WelcomeToMISTCweb",2,"1fecea74939f46438b4a46ab"],"time":1467374227548},{"_id":"g7vA65Dn69vh2H9Sa","state":"database","action":"markLine","params":["WelcomeToMISTCweb",2,"cdcf949122f03461c3965fd6",662,182,687,475,"#CC2529","5"],"time":1467374229572},{"_id":"dBFWp2LXG4dLB3Z5k","state":"database","action":"markEraser","params":["WelcomeToMISTCweb",2,"c482ca06cbe958e93966c732"],"time":1467374229575},{"_id":"ogLfiMZaMbDzyyGkp","state":"database","action":"markLine","params":["WelcomeToMISTCweb",2,"5419476b2ebcc32583d42e89",893,160,907,465,"#CC2529","5"],"time":1467374231775},{"_id":"ux5CmMCmwAPufjErw","state":"database","action":"markEraser","params":["WelcomeToMISTCweb",2,"cdcf949122f03461c3965fd6"],"time":1467374231780},{"_id":"TMi35EuhN3ucs4iYg","state":"session","action":"slide.page","params":["3"],"time":1467374233602},{"_id":"Xy7wDWeZvYwjRbLoD","state":"database","action":"slides.change","params":["WelcomeToMISTCweb","3"],"time":1467374233605},{"_id":"5STYLd9y7XK3zPNyR","state":"database","action":"markSquiggle","params":["WelcomeToMISTCweb",3,"b3857d0878f99bde41d77cc1",[{"x":99,"y":71},{"x":113,"y":92},{"x":132,"y":109},{"x":211,"y":148},{"x":261,"y":162},{"x":341,"y":160},{"x":436,"y":126},{"x":500,"y":110},{"x":558,"y":102},{"x":678,"y":102},{"x":702,"y":111},{"x":724,"y":134}],"#396AB1","21"],"time":1467374242668},{"_id":"tfimSgZT9bpZr3Ajm","state":"database","action":"markArrow","params":["WelcomeToMISTCweb",3,"42e9c6ef73714cb2de62a5a7",101,216,367,258,"#3E9651","13"],"time":1467374252035},{"_id":"ysQqGyZfAqzXDsqqC","state":"database","action":"markEraser","params":["WelcomeToMISTCweb",3,"b3857d0878f99bde41d77cc1"],"time":1467374252054},{"_id":"SfjCaHqn3H4K3gqJf","state":"session","action":"overlay.tool.replace","params":[false],"time":1467374254994},{"_id":"uK8MwzrjCXMBtPTPp","state":"database","action":"markEllipse","params":["WelcomeToMISTCweb",3,"34157037f569a07b280fc0a3",642.5,302.5,172.5,151.5,"none","#6B4C9A","3"],"time":1467374263511},{"_id":"iKftGNoW3eoTpMWyu","state":"database","action":"markBox","params":["WelcomeToMISTCweb",3,"c1f2ef360fe25e613e32be68",84,356,313,181,"none","#948B3D","5"],"time":1467374272633},{"_id":"gGZpSFB8EwXTfYSYJ","state":"database","action":"markEraser","params":["WelcomeToMISTCweb",3,"42e9c6ef73714cb2de62a5a7"],"time":1467374277815},{"_id":"ssgxJuqEGzBzDyguv","state":"database","action":"markEraser","params":["WelcomeToMISTCweb",3,"c1f2ef360fe25e613e32be68"],"time":1467374278325},{"_id":"kHwamx6LG87nfTkpo","state":"database","action":"markEraser","params":["WelcomeToMISTCweb",3,"34157037f569a07b280fc0a3"],"time":1467374279065},{"_id":"SbqRJSycHKR8FkwJQ","state":"session","action":"slide.page","params":["4"],"time":1467374281617},{"_id":"aab663rwq8vRoYtmL","state":"database","action":"slides.change","params":["WelcomeToMISTCweb","4"],"time":1467374281620},{"_id":"iEPgK55y69dXYip6e","state":"database","action":"storeTextbox","params":[{"_id":"1c12d93cfea945bf0cfa72db","x":"371","y":"181","size":16,"color":"#948B3D","title":"WelcomeToMISTCweb","number":4,"text":"text","height":"22px","width":"80px"}],"time":1467374289037},{"_id":"B8iJv7CwFNuLLANjK","state":"database","action":"storeTextbox","params":[{"_id":"eca2e93da4648fd5f9ee4b4d","x":"156","y":"350","size":42,"color":"#948B3D","title":"WelcomeToMISTCweb","number":4,"text":"moving","height":"60px","width":"210px"}],"time":1467374297571},{"_id":"2zK9GeTRTLtqWygYL","state":"database","action":"storeTextbox","params":[{"_id":"eca2e93da4648fd5f9ee4b4d","x":"796","y":"192","size":42,"color":"#948B3D","title":"WelcomeToMISTCweb","number":4,"text":"moving","height":"60px","width":"210px"}],"time":1467374300305},{"_id":"Pvon4iznqDZ4wab8Y","state":"database","action":"storeTextbox","params":[{"_id":"bcbebc0223214b4b4a42a89a","x":"145","y":"380","size":42,"color":"#535154","title":"WelcomeToMISTCweb","number":4,"text":"edittable","height":"60px","width":"210px"}],"time":1467374309748},{"_id":"a34sMhxsaepx3iRor","state":"database","action":"storeTextbox","params":[{"_id":"bcbebc0223214b4b4a42a89a","x":"145","y":"380","size":42,"color":"#535154","title":"WelcomeToMISTCweb","number":4,"text":"editable","height":"60px","width":"210px"}],"time":1467374314191},{"_id":"DN2qkDWW4rfMStgmN","state":"database","action":"messages.new","params":["dorian","hi","1467374331489"],"time":1467374331491},{"_id":"58phf434R44sQMmAR","state":"database","action":"messages.new","params":["dorian","\nquestion","1467374335185"],"time":1467374335186},{"_id":"NBcAcxdaKRAQ6LwGE","state":"database","action":"moveToQuestionPanel","params":["dorian","question","1467374335185"],"time":1467374338532},{"_id":"7NQ3Ry7saC6DFaPi4","state":"database","action":"moveToQuestionPanel","params":["dorian","hi","1467374331489"],"time":1467374340356},{"_id":"swkbkKLAhPfYcTbWC","state":"database","action":"moveToChatPanel","params":["dorian","question","1467374335185"],"time":1467374343967},{"_id":"tG4DiwoprTBPCpoK2","state":"database","action":"moveToChatPanel","params":["dorian","hi","1467374331489"],"time":1467374345039},{"_id":"avMg7pvkZs7wavDkp","state":"time","action":"stop","params":[1467374348337],"time":1467374348337}]
